{
    "rmse_position": 0.0048087664321048934,
    "rmse_velocity": 1.3291458774210114e-05,
    "min_deviation_position": {
        "x": -0.00810011731966176,
        "y": 0.0007533298088722162,
        "z": -0.0005852838297385572
    },
    "max_deviation_position": {
        "x": 0.015753431678329655,
        "y": 0.006058080033439328,
        "z": 0.0003412797705245191
    },
    "min_deviation_velocity": {
        "vx": -2.111661701350437e-05,
        "vy": -1.977497417977609e-05,
        "vz": -1.0647125382126253e-06
    },
    "max_deviation_velocity": {
        "vx": 1.0810566068182766e-05,
        "vy": 4.5150253679737684e-05,
        "vz": 1.598829677534365e-06
    },
    "max_abs_diff_position": {
        "x": 0.015753431678329655,
        "y": 0.006058080033439328,
        "z": 0.0005852838297385572
    },
    "max_abs_diff_velocity": {
        "vx": 2.111661701350437e-05,
        "vy": 4.5150253679737684e-05,
        "vz": 1.598829677534365e-06
    }
}