{
    "rmse_position": 0.0012620247261365466,
    "rmse_velocity": 1.6031279940282695e-05,
    "min_deviation_position": {
        "x": -0.0032618556068225724,
        "y": -0.00204777599842923,
        "z": -0.0004898800768873071
    },
    "max_deviation_position": {
        "x": 0.0024176736630440177,
        "y": 0.004768361002637542,
        "z": 0.0001749600378656152
    },
    "min_deviation_velocity": {
        "vx": -5.6384766450034984e-05,
        "vy": -3.0283111632973137e-05,
        "vz": -6.795110778766889e-06
    },
    "max_deviation_velocity": {
        "vx": 2.346076935783861e-05,
        "vy": 3.310161808925231e-05,
        "vz": 2.029078254352939e-06
    },
    "max_abs_diff_position": {
        "x": 0.0032618556068225724,
        "y": 0.004768361002637542,
        "z": 0.0004898800768873071
    },
    "max_abs_diff_velocity": {
        "vx": 5.6384766450034984e-05,
        "vy": 3.310161808925231e-05,
        "vz": 6.795110778766889e-06
    }
}