{
    "rmse_position": 0.007450130279774418,
    "rmse_velocity": 2.822510994543274e-05,
    "min_deviation_position": {
        "x": -0.012045665913794634,
        "y": 0.0013684570167098176,
        "z": -0.00022579683327063685
    },
    "max_deviation_position": {
        "x": 0.017353051424720656,
        "y": 0.01796730680284142,
        "z": 0.0007477338169914263
    },
    "min_deviation_velocity": {
        "vx": -5.756823554774974e-05,
        "vy": -3.148571642458062e-05,
        "vz": -5.969831555771923e-07
    },
    "max_deviation_velocity": {
        "vx": 4.192182267537606e-05,
        "vy": 8.013323529108309e-05,
        "vz": 1.2131722348170018e-06
    },
    "max_abs_diff_position": {
        "x": 0.017353051424720656,
        "y": 0.01796730680284142,
        "z": 0.0007477338169914263
    },
    "max_abs_diff_velocity": {
        "vx": 5.756823554774974e-05,
        "vy": 8.013323529108309e-05,
        "vz": 1.2131722348170018e-06
    }
}