{
    "rmse_position": 0.03457621946419514,
    "rmse_velocity": 0.00015404048396210854,
    "min_deviation_position": {
        "x": -0.0724181527087624,
        "y": -0.08188021189652472,
        "z": -0.0013353653249576006
    },
    "max_deviation_position": {
        "x": 0.04768292245791539,
        "y": 0.049735393676742956,
        "z": 0.0007917113661758965
    },
    "min_deviation_velocity": {
        "vx": -0.0001715397786202326,
        "vy": -0.0003739444115983398,
        "vz": -4.404675256718617e-06
    },
    "max_deviation_velocity": {
        "vx": 0.0008983220224921748,
        "vy": 0.0006472001964755517,
        "vz": 1.7223566392557053e-05
    },
    "max_abs_diff_position": {
        "x": 0.0724181527087624,
        "y": 0.08188021189652472,
        "z": 0.0013353653249576006
    },
    "max_abs_diff_velocity": {
        "vx": 0.0008983220224921748,
        "vy": 0.0006472001964755517,
        "vz": 1.7223566392557053e-05
    }
}