{
    "rmse_position": 0.006571014736101108,
    "rmse_velocity": 0.00016340772645052724,
    "min_deviation_position": {
        "x": -0.016096920959334238,
        "y": -0.008216759195088796,
        "z": -0.009069505032955394
    },
    "max_deviation_position": {
        "x": 0.004389712854061534,
        "y": 0.02758992982016739,
        "z": 0.0006204537036504365
    },
    "min_deviation_velocity": {
        "vx": -0.00012882516746943323,
        "vy": -0.0001229302072612102,
        "vz": -8.267880512330752e-06
    },
    "max_deviation_velocity": {
        "vx": 0.0008532743523612177,
        "vy": 3.459872103506959e-05,
        "vz": 9.309012100775817e-05
    },
    "max_abs_diff_position": {
        "x": 0.016096920959334238,
        "y": 0.02758992982016739,
        "z": 0.009069505032955394
    },
    "max_abs_diff_velocity": {
        "vx": 0.0008532743523612177,
        "vy": 0.0001229302072612102,
        "vz": 9.309012100775817e-05
    }
}