{
    "rmse_position": 0.01042808191141926,
    "rmse_velocity": 0.00012335465638994636,
    "min_deviation_position": {
        "x": -0.04463217585835322,
        "y": -0.021338149025527775,
        "z": -0.001605441151285976
    },
    "max_deviation_position": {
        "x": 0.030535646842163033,
        "y": 0.019719840048517345,
        "z": 0.0010717184550238096
    },
    "min_deviation_velocity": {
        "vx": -0.0002896482409090774,
        "vy": -0.000404787616459328,
        "vz": -2.0908885516107635e-05
    },
    "max_deviation_velocity": {
        "vx": 7.453502225874403e-05,
        "vy": 0.0003845693794736747,
        "vz": 1.2045429511708342e-05
    },
    "max_abs_diff_position": {
        "x": 0.04463217585835322,
        "y": 0.021338149025527775,
        "z": 0.001605441151285976
    },
    "max_abs_diff_velocity": {
        "vx": 0.0002896482409090774,
        "vy": 0.000404787616459328,
        "vz": 2.0908885516107635e-05
    }
}