{
    "rmse_position": 0.0038855394387889665,
    "rmse_velocity": 3.241043569037919e-05,
    "min_deviation_position": {
        "x": -0.010964820705093414,
        "y": -0.00866825487097378,
        "z": -0.001058331957987102
    },
    "max_deviation_position": {
        "x": 0.0041362409003573575,
        "y": 0.00638447606146042,
        "z": 0.0011663611529165174
    },
    "min_deviation_velocity": {
        "vx": -7.259665821733423e-05,
        "vy": 1.9324181674515092e-05,
        "vz": -1.4183184397275738e-05
    },
    "max_deviation_velocity": {
        "vx": 5.687677264775044e-05,
        "vy": 5.5359693549918935e-05,
        "vz": 1.1804751011960002e-06
    },
    "max_abs_diff_position": {
        "x": 0.010964820705093414,
        "y": 0.00866825487097378,
        "z": 0.0011663611529165174
    },
    "max_abs_diff_velocity": {
        "vx": 7.259665821733423e-05,
        "vy": 5.5359693549918935e-05,
        "vz": 1.4183184397275738e-05
    }
}