{
    "rmse_position": 0.021879128786127584,
    "rmse_velocity": 8.344561713468145e-05,
    "min_deviation_position": {
        "x": -0.04051915426902217,
        "y": -0.025682641196260736,
        "z": -0.0012060059405887003
    },
    "max_deviation_position": {
        "x": 0.06149690788174694,
        "y": 0.021117401939386493,
        "z": 0.0011680272085941024
    },
    "min_deviation_velocity": {
        "vx": -0.00014103889728206767,
        "vy": -0.00019933030541453086,
        "vz": -8.392017813900878e-06
    },
    "max_deviation_velocity": {
        "vx": 5.67170999029986e-05,
        "vy": 0.0001493641675241917,
        "vz": 1.041724772548942e-05
    },
    "max_abs_diff_position": {
        "x": 0.06149690788174694,
        "y": 0.025682641196260736,
        "z": 0.0012060059405887003
    },
    "max_abs_diff_velocity": {
        "vx": 0.00014103889728206767,
        "vy": 0.00019933030541453086,
        "vz": 1.041724772548942e-05
    }
}