{
    "rmse_position": 0.0012111968421789903,
    "rmse_velocity": 1.5632965923544693e-05,
    "min_deviation_position": {
        "x": -0.002796918425144901,
        "y": -0.0026647496191803954,
        "z": -0.00035655246904020554
    },
    "max_deviation_position": {
        "x": 0.00311396977728573,
        "y": 0.0025534188539200198,
        "z": 0.0002564914721966127
    },
    "min_deviation_velocity": {
        "vx": -3.4863070216677085e-05,
        "vy": -6.092671223412692e-05,
        "vz": -9.748897215441227e-06
    },
    "max_deviation_velocity": {
        "vx": 2.331986111648275e-05,
        "vy": 1.4003808160412134e-05,
        "vz": 3.0254791918693773e-06
    },
    "max_abs_diff_position": {
        "x": 0.00311396977728573,
        "y": 0.0026647496191803954,
        "z": 0.00035655246904020554
    },
    "max_abs_diff_velocity": {
        "vx": 3.4863070216677085e-05,
        "vy": 6.092671223412692e-05,
        "vz": 9.748897215441227e-06
    }
}